Question,Option A,Option B,Option C,Option D,Correct (A/B/C/D),Explanation
Which material offers the best UV resistance for long-term outdoor use?,ABS,Polycarbonate,Fiberglass,Painted Steel,B,Polycarbonate provides superior UV resistance and does not yellow or degrade as quickly as ABS or PVC in prolonged sunlight.
Which NEMA rating provides hose-down protection AND corrosion resistance?,NEMA 3R,NEMA 12,NEMA 4,NEMA 4X,D,"NEMA 4X adds corrosion resistance on top of the washdown protection found in NEMA 4, making it suitable for wet and corrosive environments."
Which dimension is most important to match first when suggesting a substitute enclosure?,Depth,Width,Height,Height and width (footprint),D,The footprint (height × width) determines mounting compatibility and door swing clearance; depth can be increased without impacting the installation envelope.
Which material is best suited for harsh chemical environments such as wastewater treatment?,ABS,Fiberglass (FRP),Polycarbonate,Painted steel,B,"Fiberglass (FRP) is highly resistant to acids, alkalis, and corrosive gases, making it the go-to choice for wastewater and chemical-processing facilities."
Polycarbonate enclosures are strongest in which category?,Chemical resistance,UV and impact resistance,Cost efficiency,Thermal insulation,B,"Polycarbonate excels in impact resistance and UV stability, outperforming ABS and PVC in outdoor and rough-handling applications."
Which latch type provides the tightest environmental seal for NEMA 4X?,Quarter-turn latch,Screw cover,Thumb latch,Padlockable latch,B,"A screw-cover (or compression-style) latch compresses the gasket uniformly around the door perimeter, creating the tightest seal required for NEMA 4X ratings."
Which hinge type offers the best sealing and strength for outdoor stainless steel enclosures?,Molded hinge,Lift-off hinge,Continuous (piano) hinge,Concealed hinge,C,"Continuous (piano) hinges distribute load evenly along the full door length, maximizing seal contact and structural rigidity in outdoor stainless steel applications."
ABS enclosures should never be used in which environment?,Indoor clean rooms,Outdoor solar sites,Low-voltage indoor electronics,Desktop instrumentation,B,"ABS degrades rapidly under UV exposure, yellowing and becoming brittle; outdoor solar sites with constant sunlight are therefore unsuitable for ABS enclosures."
Which enclosure material is considered 'marine grade'?,Stainless 304,Stainless 316,Polycarbonate,PVC,B,"Stainless steel 316 contains molybdenum, giving it superior resistance to saltwater chloride corrosion—hence the 'marine grade' designation."
A customer needs washdown protection. Which rating is required?,NEMA 12,NEMA 3R,NEMA 4X,NEMA 1,C,"NEMA 4X is the appropriate rating for washdown (hose-down) protection; NEMA 4X also adds corrosion resistance, making it the safest selection."
Which material provides the best strength-to-weight ratio?,Painted steel,Stainless steel,Polycarbonate,Fiberglass,C,"Polycarbonate is significantly lighter than steel while maintaining high impact strength, yielding an excellent strength-to-weight ratio."
Fiberglass is preferred over polycarbonate when:,High UV exposure is present,High impact loads are expected,Chemicals and corrosives are present,Cost is the highest priority,C,"Fiberglass offers superior chemical resistance compared to polycarbonate, making it the preferred choice when acids, solvents, or corrosives are present."
Which is a valid substitution rule?,Replace NEMA 4X with NEMA 12,Replace ABS with polycarbonate outdoors,Replace stainless steel with painted steel,Replace screw-cover with hinge door without asking the customer,B,Upgrading from ABS to polycarbonate for outdoor use is always a safe upward substitution; downgrading ratings or switching to less corrosion-resistant materials is not.
Which material is heaviest on average?,Polycarbonate,Aluminum,Stainless steel,ABS,C,"Stainless steel has the highest density (~8 g/cm³) of common enclosure materials, making it the heaviest option."
What does NEMA 3R primarily protect against?,Hose-down,Rain and sleet,Corrosive chemicals,High-pressure spray,B,"NEMA 3R is designed for outdoor use and protects against rain, sleet, and ice formation; it does not provide washdown or chemical protection."
PVC enclosures excel in which area?,Impact resistance,Chemical resistance,UV stability,EMI shielding,B,"PVC has excellent resistance to a broad range of chemicals and acids, making it a strong choice for chemical storage and lab environments."
A customer requires a clear lid for visual inspection. Best choice?,Fiberglass,Stainless steel,Polycarbonate,Painted steel,C,"Polycarbonate is naturally transparent and can be manufactured with clear lids, enabling visual inspection without opening the enclosure."
When is a compression latch recommended?,Indoor office use,High-security applications only,NEMA 1 enclosures,Washdown and sealing-critical applications,D,"Compression latches squeeze the gasket tightly against the door frame, which is essential for achieving and maintaining NEMA 4/4X washdown and sealing requirements."
A deeper enclosure may be substituted when:,Width increases by 3 inches,Footprint (HxW) remains the same,The height changes,Door swing changes sides,B,"Increasing depth does not affect the wall/panel footprint or mounting holes, so a deeper substitute is acceptable as long as height and width (the footprint) stay the same."
Stainless 304 should be upgraded to 316 when:,The enclosure is indoors,The enclosure is in a dry warehouse,The environment contains saltwater or chlorine,The customer wants the lowest cost option,C,Chloride ions (from saltwater or chlorine) attack 304 stainless; the molybdenum in 316 provides the added corrosion resistance needed in those environments.
Polycarbonate should NOT be used when:,Mounted outdoors,Exposed to severe chemicals,Mounted on poles,Used with clear lids,B,"Polycarbonate has poor resistance to strong solvents, ketones, and concentrated acids; severe chemical exposure will cause crazing, cracking, or dissolution."
Which hinge type allows removing the door without tools?,Molded hinge,Concealed hinge,Lift-off hinge,Continuous hinge,C,"Lift-off hinges allow the door to be lifted straight off the pin without fasteners or tools, simplifying access and maintenance."
Polyester enclosures are best described as:,Stronger than fiberglass,Weaker than ABS,A mid-tier corrosion-resistant option,Not suitable for industrial use,C,"Polyester (thermoset) enclosures sit between standard plastics and fiberglass in terms of cost and corrosion resistance, offering a mid-tier industrial option."
What is the main weakness of painted steel enclosures?,EMI shielding,Impact resistance,Corrosion when coating is compromised,UV stability,C,"Once the paint or powder coat is scratched or chipped, bare steel is exposed and begins to rust; this makes painted steel unsuitable for wet or corrosive environments."
Which rating is closest to NEMA 4X in IP terminology?,IP55,IP60,IP66,IP42,C,"IP66 corresponds to dust-tight and protection against powerful water jets, closely matching the NEMA 4X requirements for dust, hose-down, and corrosion resistance."
For high-impact applications choose:,PVC,ABS,Polycarbonate,Fiberglass,C,"Polycarbonate has the highest impact strength of common enclosure plastics, making it the correct choice when physical abuse or vibration is a concern."
For corrosive indoor chemical rooms:,Painted steel,ABS,PVC,ODP motor enclosures only,C,"PVC offers broad chemical resistance in indoor environments where UV is not a concern, making it ideal for chemical storage rooms and labs."
Which enclosure has the smoothest surface for sanitary washdown?,Fiberglass,ABS,Polycarbonate,Stainless steel (smooth finished),D,"Smooth-finished stainless steel is non-porous, easy to sanitize, and meets food-grade and pharmaceutical washdown standards better than textured plastics."
Three-point latching is usually required for:,Very small junction boxes,Large floor-standing cabinets,Clear-lid enclosures,DIN rail enclosures,B,"Large cabinet doors flex in the middle without adequate clamping force; three-point latching distributes sealing pressure across the top, middle, and bottom to maintain the gasket seal."
Which substitution is ALWAYS safe?,NEMA 4X → NEMA 3R,ABS → Steel,Steel → 316 Stainless,Stainless 316 → ABS,C,"Upgrading to 316 stainless is always a safe, higher-performance substitution regardless of environment; downgrading ratings or switching to non-corrosion-resistant materials is not."
Which is a non-metallic enclosure advantage?,EMI shielding,Corrosion resistance,High temperature resistance,Conductivity,B,"Non-metallic enclosures do not corrode, rust, or oxidize, which is their primary advantage over steel or aluminum in wet or chemically aggressive environments."
Which material performs best in direct sunlight without yellowing?,ABS,PVC,Polycarbonate,Fiberglass,C,"UV-stabilized polycarbonate resists yellowing and embrittlement far better than ABS or PVC, maintaining appearance and properties under prolonged sun exposure."
The BEST enclosure choice for chlorine exposure is:,Polycarbonate,Stainless steel 304,Stainless steel 316,Painted steel,C,Chlorine aggressively attacks 304 stainless and painted steel; 316 stainless with its molybdenum content provides the necessary chloride corrosion resistance.
Which option correctly describes fiberglass enclosures?,Poor chemical resistance,Lightweight but weak,Excellent chemical resistance; strong and corrosion-proof,Best impact strength of all materials,C,"Fiberglass (FRP) combines excellent chemical resistance with high structural strength and corrosion immunity, making it ideal for demanding industrial applications."
SDR calls reveal high corrosives AND UV exposure. Best choice?,ABS,Painted steel,Fiberglass or 316 stainless,Polycarbonate only,C,"When both UV and chemical/corrosive exposure are present, fiberglass or 316 stainless steel are the only materials that handle both challenges reliably."
